term,tfidf_mean
연기가,0.031887468016080625
연기,0.02415347346836162
배우들의,0.023943708422511048
유해진,0.022590163197163463
봤습니다,0.02173413059636676
박지훈,0.019220119148884905
배우들,0.017976030068927326
오랜만에,0.016690648416969895
재밌게,0.016245111400608157
좋았어요,0.01608540157923615
봤어요,0.01565919205473283
재미있게,0.014237299673054081
단종,0.013074713143453083
눈물이,0.013059091098103666
좋았습니다,0.012568949859305232
단종의,0.012330564874760976
좋은,0.010818418355679267
배우,0.010316390209805631
눈물,0.008809169090604285
많이,0.008770811838277845
역사를,0.008676525532756744
여운이,0.008502596251467947
영화를,0.008499519769942999
감동,0.008025975702075838
잘봤습니다,0.007934551968605175
다시,0.007869973846875421
배우의,0.007842055101578444
연기를,0.0076448417875354235
연기에,0.007574196221747984
좋아요,0.007391031377377703
연기도,0.007244752377417584
역시,0.007140757932300624
영화입니다,0.00707491952038353
슬픈,0.007069159558887868
연기는,0.006877560717835333
유해진의,0.006832712949729667
최고,0.006761348704663195
슬프고,0.006688725870860473
간만에,0.006607222071441578
알고,0.00653552363620603
역사,0.0062285878357688194
몰입해서,0.005906935732615576
마음이,0.005881927792062285
마지막,0.0058334298406057
연기력이,0.00577453441570075
영화가,0.005692415306172221
영화였습니다,0.005674863388396632
좋았고,0.005655506542351351
모두,0.005643827024071514
스토리,0.0055695415286298325
한명회,0.0055620653951253644
왕과,0.005552469346283555
단종이,0.0055394976577775226
연기력,0.0055342583770014815
보았습니다,0.005531667910381197
모든,0.005457000764343297
배우분들,0.005353343749632519
함께,0.00531937002228071
배우님,0.005290894397500467
장항준,0.005240586816444031
사는,0.0052057137940783324
천만,0.005130894120324042
마지막에,0.005091983684241222
남자,0.005060946158559936
감사합니다,0.005011557595649802
박지훈의,0.0049681128009054325
슬퍼요,0.00495564399496282
역사가,0.00491921269653579
슬펐어요,0.004860391104359693
몰입감,0.004853816795720301
결말을,0.0048430934793413285
영화는,0.004767531620919552
역사적,0.004735354006071938
다들,0.0046816353575195825
배우님들,0.004566325975729151
이야기,0.004564061722058776
역사의,0.004552993575156681
유해진이,0.0045321950790904435
울고,0.004495668604302168
보세요,0.004492466323583809
아는,0.004488678500912307
감동적인,0.00446816059574681
봤네요,0.0044600894825427735
재밌어요,0.00443987164933564
재밌고,0.004401848486032167
너무너무,0.004321595137115499
시간,0.004306359790741497
눈빛이,0.004290675778984661
같이,0.0042891383664375475
연기와,0.00422220769918926
영화였어요,0.004212830163815268
잘봤어요,0.004203905625322486
보기,0.004203547777224485
봐도,0.0041721000146602225
유해진님,0.004140984955887126
추천합니다,0.0041375300755158734
이렇게,0.0041298558905434385
특히,0.004121544993069013
계속,0.004098552836171932
한번,0.0040174687786838316
재밌었어요,0.004007069630563687
가슴이,0.003993278327684031
웃고,0.003989207617890163
어린,0.003982840739942615
모르고,0.0039619037352402915
좋고,0.0039351992364848425
아주,0.0039058219575722384
배우들이,0.0038736549087752268
남는,0.0038511063870245695
감동이,0.0038354994775271715
좋았다,0.003818260338571411
감독님,0.003785417234746103
연출,0.003776308315936515
역사에,0.0037462350170281867
펑펑,0.003668407892207701
감동적이고,0.0036631612373170495
유지태,0.003631582718137089
최고의,0.003570086788630812
내내,0.003545701648272964
웃다가,0.003505614324610392
몰입감이,0.0034460833933332006
울었어요,0.003440890949610548
눈물을,0.003312672823499785
박지훈이,0.0032712593586415595
영화네요,0.003260338607190572
시간이,0.003242516741077229
가족들과,0.003239894373441293
눈빛,0.003228287264444607
단종을,0.0032033176458055317
스토리가,0.0031923403774537914
오랫만에,0.003186415997454174
이야기를,0.0031861453885762285
대해,0.0031456657715696282
재미,0.0031342090627396583
감동을,0.0031245796152312108
슬픔,0.0031202165357929316
연출이,0.003113009756104259
다른,0.0031070304540391255
호랑이,0.003100825430774912
감동과,0.0030918320748348146
있어서,0.003090484749702474
영화관에서,0.003075578946527677
엄청,0.003058721151342904
믿고보는,0.003044228826691389
슬퍼서,0.003039778847199215
연기로,0.003008805154221832
만든,0.003003939734046062
있고,0.0029856370053506815
영화로,0.002953315230496192
단종과,0.0029433931958547546
좋네요,0.002941495429516473
하고,0.002928706699617651
슬프네요,0.00292280784919529
같습니다,0.002911377318452789
배우가,0.0028939068648839907
좋아서,0.0028776919588310804
믿고,0.002866031562940532
재미있고,0.0028526424637968753
조금,0.0028511094811288938
관람,0.0028372254257819076
감독의,0.0028309032336717196
최고입니다,0.0028042458777085243
작품,0.0027897228727949692
단종에,0.002783426927305771
이런,0.0027643663513408994
재미와,0.0027340546741378893
생각보다,0.0027261199761514296
합니다,0.002681617746079652
관람했습니다,0.002637369324511927
없이,0.002635770729604836
많은,0.0026206040033108446
즐겁게,0.002615597303235301
울다가,0.0026053405470369047
가슴,0.0025905711215020114
배우분들의,0.0025766311210634303
스토리도,0.0025730827059234963
너무나,0.002557596216003237
대한,0.002552690748783777
이미,0.0025518957324811836
그래도,0.002551717421589975
극장에서,0.0025447234640679317
사극,0.002523127075398646
세조,0.002516914963625907
몰입이,0.002492517874686603
갑니다,0.0024852795934489484
웃음과,0.0024724781167238525
생각이,0.0024624178265920758
울었네요,0.002450198713524437
잘해서,0.0024265473996161933
볼만한,0.0023951276701966663
왕사남,0.002392347294850162
연기력에,0.0023889276819730274
보면서,0.0023657732217133107
배우님의,0.002359017308094552
얼마나,0.0023286049865267502
싶은,0.0023133878165641727
좋았음,0.0022978581270995703
역사는,0.0022969601530209824
시간가는줄,0.0022855618147937097
재미있어요,0.002280021570887009
가족과,0.0022703572389271734
아픈,0.002259550888633978
느낌,0.0022519629948946937
보면,0.0022470257200645763
매우,0.0022365185574849994
처음,0.00223583695143658
끝까지,0.0022173316997255257
되는,0.002211312407875211
내가,0.00217686718654313
울면서,0.0021746881798876973
올해,0.0021704431616290645
않은,0.002164296026782524
사실을,0.002154044591825255
좋습니다,0.002147587781119788
두번째,0.002146928563796557
정도로,0.0021374779672512804
박지훈님,0.0021366336295029612
새로운,0.002131532101526549
눈이,0.002128941490616782
마음,0.002127666485954449
한국영화,0.002110944814230883
재밌는,0.0021026934249801336
같은,0.0020855952947459668
감동입니다,0.002074657358904641
않고,0.0020611575786581723
덕분에,0.0020505542465921386
추천,0.0020235650859867934
감동도,0.001997227469146123
왕과사는남자,0.001989004121873374
재미있었어요,0.00198274362629728
감독,0.001974342787907983
가는,0.0019610289687982643
깊은,0.001957719547115304
엄흥도,0.001954530523298308
가장,0.0019474592205580659
유해진님의,0.0019402886315723468
중간중간,0.0019381909017306272
울었습니다,0.0019321310238143406
보러,0.001926097148120472
유해진배우님,0.0019070018744365394
있게,0.0018988878472011072
마음을,0.0018980939509700278
아쉬운,0.0018946282297695972
주는,0.0018873526823288385
잘하고,0.0018751446096617788
배우님들의,0.0018747535139374389
슬프다,0.0018678553929099095
기대,0.0018649867065726397
알게,0.0018648627168889088
몰랐던,0.0018465530138316749
나는,0.0018173321080493976
유해진은,0.00180566053128115
웃음,0.001799430021091942
영화의,0.0017947454374121602
나도,0.00178905214551096
휴지,0.0017867802578419429
보게,0.0017590683083791442
유해진과,0.0017588773926410024
슬픔이,0.0017582538296325877
최고였어요,0.0017560108261177186
마지막엔,0.0017556321602058284
있지만,0.0017512575668605882
아닌,0.001749530912945156
영화에요,0.001747380363312526
하네요,0.0017454454317369168
모르게,0.001739165260739509
영화에,0.0017367833230956693
어떻게,0.0017350254842287912
했는데,0.0017323060679179214
영화였다,0.001723817655234431
하지만,0.0017136162137663348
연출은,0.001708155331807369
더욱,0.0017027584897966518
줄줄,0.0016887597069090723
안타까운,0.0016857087136092038
잘해요,0.0016854553122411303
왕의,0.0016828747871478933
미쳤어요,0.0016801791912278972
두번,0.0016795285531035176
연출도,0.0016792263325494249
없고,0.0016787463726573822
있어,0.001677149381213804
영월,0.0016768952823947181
울다,0.0016738694908732545
번째,0.0016703285400956908
사람들이,0.0016646744646251984
영화다운,0.0016594596087967045
있었습니다,0.0016566896812817895
해서,0.0016549268195899878
단종오빠,0.0016390462065535652
했어요,0.0016383859942870522
전미도,0.0016254001168223414
단종은,0.0016252783744918628
n차,0.0016246575896613528
우리,0.0016225038285494044
다시한번,0.0016194072291253042
했습니다,0.0016152909277051086
실제,0.0015953546443849562
최고였습니다,0.0015885383463833333
만드는,0.0015838060322315888
봐서,0.001578398151123144
오래,0.001573282899700629
이제,0.0015730993675607025
재미나게,0.0015723118523550065
이홍위,0.001551937400809777
제일,0.001550431934580744
감동적입니다,0.0015494063272504823
왔습니다,0.0015449704335475148
있네요,0.0015376866943961965
남네요,0.0015350793076435855
왕이,0.0015339256470533835
유해진배우,0.0015338647187051104
안아,0.0015307737360437564
엄흥도의,0.0015185814147258493
기대를,0.0015184341843266084
강추,0.0015149861877407275
저도,0.0015147700504202148
싶어요,0.001511296946785647
재미있는,0.001495684932006886
슬펐습니다,0.001495052341462609
웃기고,0.0014942720917527047
아직도,0.0014890853409323477
보는내내,0.001488170744057027
집중해서,0.0014739501820501474
차력쇼,0.0014687339489756928
그런,0.0014681110786574963
감동적이었어요,0.001458728096984765
대박,0.001455104182513776
솔직히,0.0014504046240391027
나오는,0.0014491104699056085
그렇게,0.0014485393605608518
좋은영화,0.0014466873999896116
아니라,0.0014465402841196866
캐스팅,0.001445452148306241
뻔한,0.0014449716514752292
영월에,0.0014317835610569902
다했다,0.0014311389060700467
있었어요,0.0014300717671269184
왔어요,0.0014205837620006284
없다,0.0014203701551871708
있어요,0.0014142183820048354
돋보이는,0.0014116374409207765
처음부터,0.001406913317167179
마음에,0.001406035659651229
영화라,0.0014047832918383304
갈수록,0.0013984234219292177
웃다,0.0013967433600881388
가는줄,0.0013961087539375592
스토리와,0.0013937971395620381
저는,0.00139273987391258
재밌네요,0.00139267938445835
배우연기가,0.0013921603266844513
삶을,0.00139191413963296
요즘,0.0013913734196123624
잔잔한,0.0013854375266050426
천만영화,0.0013790987313401387
나왔어요,0.0013763894934231845
기억에,0.001374995759328356
있다,0.0013737131623946148
이야기가,0.0013716847942757868
훌륭한,0.0013689975356170594
멋진,0.0013678915976872554
박지훈배우,0.0013677053645614178
보고싶은,0.0013647730871911338
그런지,0.0013643817594922894
장면이,0.0013641910470707356
내용을,0.001362840815043877
말이,0.001362288019567931
사람,0.001361471746431435
있었던,0.001360802017736532
다소,0.001356414832204018
좋음,0.001356382560820964
전하,0.0013523108200395706
부모님,0.0013476685784469266
안타깝고,0.001346968942657521
재밌었습니다,0.0013450499527333081
몰입도,0.0013440247553349635
잘하네요,0.00134149041737214
재미있었습니다,0.0013389675014861644
최근,0.0013356298073123156
유해진배우의,0.001329502135617261
뭔가,0.0013283224628286676
몰입감을,0.001324888452692487
제대로,0.0013235342433841784
가서,0.0013229567908027533
혼자,0.0013217584942856106
스토리는,0.0013209284594539838
잘하셔서,0.001315977409516671
강추합니다,0.0013149453974354638
그저,0.001309929187580467
살짝,0.0013061537967079824
오늘,0.0013040827393521301
것이,0.001301579901149257
같네요,0.0012997333037796125
한국,0.0012988814955267433
즐거운,0.0012981921850382275
부모님과,0.0012964767376521962
모시고,0.0012929908816598239
따뜻한,0.0012928165361324124
아이들과,0.001289767909475255
바탕으로,0.0012847906919440763
되어,0.0012841573928874003
있었지만,0.0012820288202386799
때문에,0.0012818818852699833
가족끼리,0.0012803306582200075
감동적으로,0.0012773605685846576
몰입,0.0012718760675032095
제가,0.001270213930032942
영화관,0.0012690805286018245
연출과,0.0012649727079602987
이게,0.0012598417525707143
감정을,0.001258808296865771
깊게,0.0012568628898743622
감동적이었습니다,0.001253293973937362
사람이,0.001253237197680104
보다가,0.0012513420925228552
감독님의,0.0012507096657631343
최고에요,0.0012481964907137021
별로,0.0012480230596965426
연기력과,0.0012456789100785954
되었습니다,0.001242850782883623
박지훈은,0.001241551175719613
주르륵,0.0012409142594355888
잘보았습니다,0.0012407573994787566
하나,0.0012391777309780426
좋았던,0.0012389923653442912
나왔네요,0.0012383108738176626
역사적인,0.0012275065293938998
배우는,0.0012248251345525303
나온,0.0012221898401547663
가볍게,0.0012190862665767356
아깝지,0.001214236121688987
연기력은,0.0012131603955335736
잘함,0.0012072760070923538
감정이,0.0012063350288893326
영화보고,0.0012027932589671797
부분이,0.001201540849734145
이놈,0.001194308523133083
나이에,0.0011931232497107873
났어요,0.001190643703960492
굿굿,0.0011900744119160277
감독이,0.0011899265093816829
울리는,0.0011892831564435484
몰입하게,0.0011892145093149182
몰입도가,0.0011850209031947522
재미도,0.0011843433228311022
있었고,0.001183765352219307
감명깊게,0.0011818273205252779
박수를,0.00118160150068003
내용이,0.0011812964083198342
알면서도,0.0011747348807749174
사실,0.001167058208261615
어린나이에,0.0011650801348094659
울었다,0.0011648461946038408
나왔습니다,0.0011636932677209324
알고있는,0.001162302812672723
모두가,0.0011583578287171353
잼나게,0.0011582025849404055
알았는데,0.0011552792039522478
싶네요,0.0011504176316888247
다한,0.0011480561718911237
연기력으로,0.0011458346318493698
cg가,0.0011431122500830055
몰입하면서,0.0011397764308619046
재밋게,0.0011396593418826037
눈빛과,0.0011385683914593937
이유가,0.0011385462790922463
재미가,0.0011358892527769998
수양대군,0.0011333015186191413
장면,0.0011310312329664586
영화예요,0.001128728073126074
슬퍼,0.0011251589942464463
않는,0.0011240975603073002
느낄,0.0011169107060932176
열연이,0.0011165064770922502
감정,0.0011162766055332419
잼있게,0.0011156111931381
가족들이랑,0.0011144254696564672
영화다,0.0011053946358716997
재밌습니다,0.001103590740322892
미친,0.0011022441217733363
느껴지는,0.0011002875122649851
자꾸,0.0010941699640534095
슬펐다,0.0010815973073620994
몰입하며,0.0010814129443524707
눈물도,0.0010804212605735946
끝나고,0.001078058158778336
cg,0.001076917581988778
관람했어요,0.0010748130327818022
그래서,0.001073966718477095
되네요,0.0010710277114712881
이번,0.0010699081255138524
크게,0.0010690208811552407
결국,0.0010679744705120976
연기력도,0.0010674607367867214
cg는,0.001062082555890742
배우연기,0.0010594599482018632
완벽한,0.0010586403731163317
다만,0.0010582703341247648
내용도,0.0010569547231556865
울어서,0.0010548027841355417
엉엉,0.001052861299394894
연기자들의,0.0010526301595916966
갔는데,0.0010524120781922356
수가,0.0010509440867930776
볼만했어요,0.0010496878035995505
가족,0.0010478156072479625
있습니다,0.0010473861147519282
것도,0.0010449901094188958
지루하지,0.0010442675499226178
부디,0.0010429289799967936
통해,0.0010416621674903133
내용,0.0010407743398747743
유해진씨,0.0010400248860619715
인생,0.0010370182868283165
마지막은,0.0010363675741615484
슬프지만,0.001036099043801625
가슴아픈,0.001035092275240446
결말이,0.0010328845555967964
아쉬움,0.0010304324856873664
홍위,0.0010303077859370575
사실에,0.001026387682885642
배우와,0.0010250746185353954
박지훈배우의,0.0010234953999492887
나와서,0.0010229334670105845
마을,0.00101681960633163
장항준감독님,0.0010161549194014161
스토리를,0.0010158069562612533
나네요,0.0010140248738047918
몰입감있게,0.0010115445137039653
내용이지만,0.0010092180174358543
유지태의,0.0010080750185281196
보았어요,0.001006749225502797
주연,0.001001501007496723
영화보면서,0.0010012955701563244
슬픔을,0.0010000022747942688
볼만합니다,0.0009998614764349192
캐스팅이,0.000996896426682761
않게,0.0009928441188753261
한명회는,0.0009916145745638724
엄마랑,0.0009908202599229914
남아요,0.000990417333436766
했지만,0.00099003202918781
보시길,0.0009897332983334183
아프고,0.0009892689977950605
명절에,0.0009854770593255003
맘이,0.000985270427236755
없네요,0.000984862254004039
무조건,0.0009836276232874975
손수건,0.0009802130941187427
보냅니다,0.0009801127199871942
인상,0.000974509839581699
무난하게,0.0009729514052273944
영화중,0.0009714768248817459
연기차력쇼,0.0009713323244357541
거의,0.0009703405065758435
삶이,0.0009694424933968052
화이팅,0.0009650165383691517
생각합니다,0.0009640917094279399
아쉽지만,0.000962707556391341
아름다운,0.0009598879737296547
미쳤습니다,0.0009582487641267786
연기들이,0.0009574306552118438
감동적,0.0009573409935879339
느낌이,0.0009532596383180789
어떤,0.0009442500923899038
나서,0.000943403668788285
계기가,0.0009404191849031033
아쉽다,0.0009375529174475286
보는데,0.0009356936982325447
또한,0.000929870286485
한번더,0.0009284715697253676
회차,0.0009282712002655915
되고,0.0009271167674008634
좋아,0.000926215616786373
너무나도,0.0009260110189868607
싶다,0.0009255873676315129
위해,0.000923923003752982
슬프게,0.0009228210292229436
보고싶어요,0.0009222419305734964
제발,0.0009208447669599925
좋다,0.0009199247269819701
생각,0.0009182474624284722
전개가,0.0009153662586115467
봅니다,0.0009117278786099968
응원합니다,0.0009106187604367834
생각하게,0.0009099182683258177
배우를,0.0009085373774456835
밖에,0.0009063991099667727
길게,0.0009059316185051809
박지훈님의,0.0009034710126625031
역사지만,0.0009019751678009275
대해서,0.000900459648362418
마지막이,0.0009001037138215551
있던,0.0009000932218734145
위한,0.0008986931642871371
했네요,0.0008983319801336686
좋겠어요,0.0008979045137801609
감동있게,0.00089637957558774
짧은,0.0008948782488354172
깊이,0.000893389228803557
괜찮은,0.0008919967682532147
모든게,0.0008908623675554701
내용은,0.0008896673321316967
모습이,0.0008888197628418985
비운의,0.0008874236560351206
전혀,0.000885697340643271
처음엔,0.0008843028165328533
못한,0.0008816302086466986
얼굴이,0.0008815977083500492
있었다,0.0008809417372322908
좋았네요,0.00087922729676941
슬펐음,0.0008769598186096495
박지훈배우님,0.0008767427622032916
볼수,0.0008764805812847952
전체적으로,0.0008748735065111169
감동의,0.0008725721587395469
박지훈과,0.0008720946630495489
아니,0.0008716241639891003
한명회가,0.0008686773685118955
스토리에,0.0008684008446800364
알지만,0.0008668163869293691
부분도,0.0008659578945684833
나름,0.0008645754762572137
절대,0.0008643833107773625
잔잔하게,0.0008642759296803881
뛰어난,0.0008641810116871728
초반,0.0008641644737263322
강을,0.0008627400006054382
아팠어요,0.0008613161164835706
미쳤다,0.0008608576448517933
다같이,0.0008601906039969045
않네요,0.0008594417311892463
보다,0.0008592259958223301
감동이었습니다,0.0008589164546521956
그럭저럭,0.0008585947659949448
많아서,0.0008578117954965438
사람들의,0.000854168128063625
기대없이,0.0008492415462159322
네이놈,0.0008478736378852399
같아,0.0008478530468317241
드디어,0.0008474743309532202
없었다,0.0008456709178046787
눈에,0.0008454735005506288
행복한,0.0008414574806492029
불구하고,0.0008413011527741162
명품,0.0008405485107330335
기대가,0.0008388128176224813
있었는데,0.0008386431836869179
서사가,0.0008384664358909243
몰입감도,0.0008381816612469782
최고예요,0.0008354216661921841
좋았지만,0.0008354010347325215
아프네요,0.0008353329292130952
알아서,0.0008342607239666341
했던,0.0008340953281504052
영화관에,0.0008333687829377668
감동적이네요,0.0008324027252861925
없어서,0.0008307892797828124
잘하시고,0.0008306569936221743
눈빛에,0.0008296489128940976
보며,0.0008294763813607266
연기의,0.0008293524815164077
미쳤음,0.0008253681601864912
웃으면서,0.0008249008300617565
새롭게,0.0008246564974105754
가즈아,0.0008233069037433629
나옴,0.000822400703927369
케미가,0.0008222515886747901
여운을,0.0008220629365089337
눈을,0.0008216427223073879
초반에,0.0008206286949776092
사람들,0.0008177983098328557
역시나,0.0008174138703757413
배우분들이,0.0008167611461981187
영화였네요,0.0008160424967504175
관객,0.000813932457734329
작품입니다,0.0008106954524019015
가자,0.0008074970390974361
마지막에는,0.0008068539586179444
알기에,0.0008056588573161745
꼭보세요,0.0008047827653694955
한명회의,0.0008020126285039221
처음으로,0.0008019050492107611
스포라,0.0008017026258112256
그럼에도,0.0008012775316356169
봤지만,0.0007989502103673208
시간이었습니다,0.0007985966799568296
재미있네요,0.0007973633644296963
엄흥도가,0.0007972766686874906
연휴에,0.0007962857129716203
중간에,0.00079559020429697
지금,0.0007941426504832456
엄홍도의,0.0007937000370336358
아니지만,0.0007936028611537636
없지만,0.0007919981241264538
바로,0.0007918559741953023
영상미,0.0007911738431420097
탄탄한,0.0007889127043229721
봤고,0.0007883659713621662
원래,0.000788292533994109
콧물,0.0007861738975273967
살린,0.0007853325812920148
배우님이,0.0007842999477053732
생각을,0.0007811968135491786
감동적이에요,0.0007811379416861874
힘이,0.000780432352113821
우리의,0.0007787412582923955
우리가,0.0007781308812266727
몰입할,0.0007748082555526599
충분히,0.0007727047280433576
영화중에,0.000771367353912718
좋아하는,0.000769332778661365
되었어요,0.0007690359251790465
우리나라,0.0007686915829376891
알고봐도,0.0007668808013864861
코믹,0.000766060572753111
호랑이는,0.0007650195804313585
해준,0.0007618502213234026
감동까지,0.0007616971182042009
보길,0.0007613453986674226
마지막을,0.000760948249200176
수양,0.0007599042322961595
몰랐어요,0.0007578917917382413
정도,0.000757480453908081
지금이나,0.0007572622688760804
발견,0.0007571891352353231
결말은,0.0007536031154084035
슬픔과,0.0007526820464616031
없어요,0.0007526460568137171
보았네요,0.0007520649846249124
영화라고,0.000751864920321023
웰메이드,0.0007472307953935538
후반부,0.000746998510385481
웃음도,0.0007467082237337505
바랍니다,0.0007462923281849463
재발견,0.0007461409468363246
만큼,0.0007437077565913807
장면에서,0.0007425337810827248
하게,0.0007418754053965606
없었어요,0.0007411576859620467
좋겠습니다,0.0007403628281579106
슬펐고,0.0007392471113074313
봤는데도,0.000738082314729703
울며,0.0007379463922688407
있음,0.0007349462927369874
눈빛연기,0.0007327608031668022
않았어요,0.0007318656878060729
눈빛연기가,0.0007311437529037057
역사와,0.0007310515764737672
나의,0.0007294524285887206
마음으로,0.0007284132914123407
전개,0.0007261713863395002
명절,0.0007257601907213084
청령포,0.0007255956075206403
였습니다,0.0007245355263634936
빠져서,0.0007241750537784448
보기에,0.0007219208453579046
최고네요,0.0007209861024161637
항상,0.0007208934416249029
것을,0.0007206524624903571
아이와,0.0007189153660587614
이해가,0.000716997718257325
초반에는,0.0007147390402300051
처음에는,0.0007144519854257121
그런데,0.0007143796761351252
감히,0.0007137649610410499
처연한,0.0007137166681819673
하드캐리,0.0007106694249714331
재밌었고,0.0007091828791244363
없음,0.0007081481156541316
호랑이가,0.0007081292167968891
잘보고,0.0007081151305359536
장면은,0.0007075086436808185
빼고,0.0007074305043613038
라는,0.0007066152003089603
점점,0.0007064567293509668
다시금,0.0007022646092554154
극장,0.0007021021087503735
봤음,0.0007017041419400547
무엇보다,0.0007000342138543462
조연,0.0006996816991399938
재밌다,0.0006984160057641274
진한,0.0006979939565976364
그의,0.0006977854816177611
속에,0.0006970603774307416
스포지만,0.000696809165459071
부족한,0.0006957377798879148
아쉽네요,0.0006951502296787701
아쉬움이,0.0006940628500793049
가슴을,0.0006931111677750149
영화인데,0.0006921134996778695
어느,0.0006919105899078354
만들어,0.0006917039144480759
그대로,0.0006913611945423615
느낄수,0.0006902264704609552
잘하는,0.0006894616700115703
좋겠다,0.0006875373083988777
흘리며,0.0006852314472850511
후반부에,0.0006836900624187199
재미를,0.0006814001490767895
즐겁고,0.0006803576161610523
오열,0.0006800268398487737
하나도,0.0006786808794204791
짧게,0.0006783726125617045
훌륭합니다,0.0006782196228083901
같아서,0.0006781025395693597
슬펐던,0.000677563743235951
영화임,0.0006770395811904598
잘한다,0.0006767436476015116
돈이,0.0006765433707232909
시작부터,0.0006765269613704151
안하고,0.000675937494526548
초반엔,0.0006755425736530414
흘리고,0.0006745869352986234
해주는,0.0006736017245732596
광광,0.0006725775392805735
자체,0.0006688416550540476
풀어낸,0.000667357699137182
대단합니다,0.000665593553871024
영화도,0.0006655726540991028
명연기,0.0006650844403424892
기대하고,0.0006635182214572842
역쉬,0.0006634089956274812
기반으로,0.0006619135579729151
온가족이,0.0006611503566069202
결과를,0.0006608559306038226
되었다,0.000660843528356693
모습을,0.0006608323528302625
누가,0.0006607119939977156
볼때마다,0.0006603368042591575
하면서,0.0006599332728977502
흐르는,0.0006596938204398928
만들어진,0.0006579164011721256
나고,0.0006575903381469315
배우도,0.000656851309795739
몰입감과,0.0006564646143011453
모처럼,0.0006564405063200901
남습니다,0.0006563139933038055
않지만,0.000655961975835053
관람했는데,0.0006554136190526314
끝나고도,0.0006545778143229104
오래간만에,0.0006538785484484426
만들어주셔서,0.0006535138972448355
중간,0.0006533551853521959
우는,0.0006525050807348013
남아,0.0006519033051812405
영화였음,0.0006507490127046622
연휴,0.0006506900651141516
극장에,0.0006504319147148752
감동으로,0.0006489299045422245
관심을,0.0006477701977616183
왔네요,0.0006472709971502914
말할,0.0006470240343881082
끌고,0.000646684567370609
천만관객,0.0006459780125874723
장난,0.0006459281926151915
여러,0.000645735815972627
조선의,0.0006456442498625981
해도,0.0006452368835353939
느꼈습니다,0.0006450202725706666
봐야,0.0006450090140946135
됩니다,0.0006432736424627322
유쾌하고,0.0006431023067077853
상상력이,0.0006426263229938611
않았던,0.000642147639018072
잡은,0.0006414768621517944
지루할,0.0006405789549935395
장항준감독,0.0006403793298551006
관심이,0.0006402304133363137
설연휴,0.000640056483131086
감동이었어요,0.0006399171275829271
막판에,0.0006388823170821288
순간,0.0006361130834566377
상상력을,0.0006338303384868351
느끼게,0.0006331514818932888
연기한,0.000632998163326037
웃으며,0.0006327382147208884
시간가는,0.0006319579825955938
중에,0.0006312731136785464
사람의,0.0006291115637087858
좋을,0.0006270683935854243
봤던,0.0006250150572157152
표현한,0.000623996249603143
남을,0.0006236918602138688
그러나,0.0006226570904497717
않을,0.0006217687026833468
억지,0.0006209058329942893
엄흥도와,0.0006206937795827981
누구나,0.0006201029421338699
연출을,0.0006198885209901547
영화인,0.0006190152351470165
백성이,0.0006188165606773385
흘리면서,0.0006170007013727218
오열하면서,0.0006155920680738611
앞으로,0.0006155209413341547
되었고,0.000615281221110617
눈물은,0.0006152096759715377
이야기에,0.0006151144882804224
먹먹한,0.0006150532073346817
보여준,0.0006140832951279697
몰입되어,0.0006131020336353479
동시에,0.0006122339886834012
멈추지,0.0006119545425736076
쉽게,0.0006118908838365542
눈물만,0.000611578022821248
좋은데,0.0006105081744610027
전에,0.0006094781151648293
대단한,0.0006074128988574207
울림이,0.0006069803837823037
만한,0.0006063171613951881
근래,0.000605738990616836
왕을,0.0006049052496349581
싶습니다,0.0006045580220307947
개인적으로,0.0006035634513467362
합이,0.0006029897549085546
유지태님,0.0006006081233046022
아닌데,0.0005994131182532259
아팠습니다,0.0005981916108568966
말할것도,0.0005978382706570704
몰입을,0.0005965607209788584
이야기는,0.000596455708154423
일단,0.0005962054354855066
않아,0.0005956997914979221
엄홍도,0.000595565046481919
슬프기도,0.0005938153827945022
아쉬웠어요,0.0005934711734168652
가지고,0.0005931748399099803
영화이다,0.0005931226758770504
눈만,0.0005905521621703342
않아서,0.0005897464633896155
오히려,0.0005896486689735027
특유의,0.0005891137984603409
엄청난,0.0005889282434826087
아들과,0.0005884966553480972
미쳤고,0.0005877342537016491
장면도,0.0005876897267850474
가족이,0.0005868894318671999
좋았는데,0.0005863796260903924
얼굴,0.0005841305978952615
거장,0.0005825600805054069
어찌,0.0005820431708597198
웃음이,0.0005801345818801602
공감,0.0005797244756575222
웃음을,0.0005790626905579943
나올,0.0005787573667969859
비극적인,0.0005785361753980672
역사도,0.0005781301284942437
단종역,0.0005755335958525251
먹먹하고,0.0005739998583392487
아쉬웠지만,0.0005738482104329707
최근에,0.000573806770787415
관객을,0.0005736784725823463
여전히,0.0005731104398181751
됐어요,0.0005721889572145513
실화를,0.0005706834935401516
끝을,0.0005705845573444478
해요,0.0005690774324572712
생각했는데,0.0005688143348740596
표정,0.0005686334734160052
죽음을,0.000568200890252848
물론,0.000565056529823739
좀더,0.0005641829101542615
무거운,0.0005619845597736887
부분을,0.0005587792919411358
것은,0.0005543436652725043
되었네요,0.0005542319849512804
연출에,0.0005534064215581294
마지막까지,0.0005520449456396842
덕에,0.0005515138549645413
이후,0.0005497023510775845
높은,0.0005495279306424192
빠져,0.0005478592129824799
보는데도,0.000547034935499931
배우님은,0.0005442942134073263
그걸,0.0005422080038185182
왔는데,0.0005415461498505542
몰랐는데,0.0005411521632954757
시간을,0.0005403514537415965
굉장히,0.0005374996788607486
맡은,0.0005374648982032041
대사,0.000536118437720728
속에서,0.0005330986366417249
점이,0.0005281070949150906
약간의,0.0005259121698032919
없었는데,0.0005257689827305172
아직,0.0005209471414241863
동안,0.0005172664762685465
있는데,0.0005123599330344929
다룬,0.000510108812428684
그만큼,0.0005089418186822293
되어서,0.0005049891202041383
이준혁,0.000503610124611348
울게,0.0005032255908806193
있을,0.000500467000165785
인물,0.0004970753456587063
때마다,0.00048600705637610013
웃긴,0.0004806668382770822
찾아보게,0.00046884224942544175
부분,0.0004567284541977872
